,runs,prob
0,1,0.024978333333333408
1,11,0.20448528912221167
